Model,Accuracy,Macro F1
CNN,0.6708,0.671719533784519
ViT-Tiny (linear probe),0.6843,0.6853084990660263
